계정항목별,1970,1971,1972,1973,1974,1975,1976,1977,1978,1979,1980,1981,1982,1983,1984,1985,1986,1987,1988,1989,1990,1991,1992,1993,1994,1995,1996,1997,1998,1999,2000,2001,2002,2003,2004,2005,2006,2007,2008,2009,2010,2011,2012,2013,2014,2015,2016,2017,2018,2019,2020,2021,2022
"국내총생산(명목, 원화표시) (십억원)",2796.6,3438.0,4267.7,5527.3,7905.0,10543.6,14472.8,18608.1,25154.5,32402.3,39725.1,49669.8,57286.6,68080.1,78591.3,88129.7,102985.8,121697.8,145994.7,165801.8,200556.2,242481.1,277540.8,315181.3,372493.4,436988.8,490850.9,542001.8,537215.3,591453.0,651634.4,707021.3,784741.3,837365.0,908439.2,957447.8,1005601.5,1089660.2,1154216.5,1205347.7,1322611.2,1388937.2,1440111.4,1500819.1,1562928.9,1658020.4,1740779.6,1835698.2,1898192.6,1924498.1,1940726.2,2071658.0,2150575.8
"국내총생산(명목, 달러표시) (억달러)",81.6,95.4,108.6,138.8,195.4,217.8,299.0,384.5,539.5,646.8,653.5,729.1,783.2,877.2,975.0,1012.4,1168.5,1479.8,1998.4,2469.6,2832.8,3305.4,3554.4,3926.4,4635.2,5667.5,6099.2,5698.6,3840.3,4972.4,5763.6,5477.3,6271.7,7025.5,7936.3,9347.2,10524.2,11726.9,10468.2,9443.3,11438.7,12534.3,12779.6,13705.6,14839.5,14653.4,15000.3,16233.1,17251.6,16510.1,16446.1,18102.3,16643.3
"국민총소득(명목, 원화표시) (십억원)",2847.4,3464.3,4277.0,5532.7,7933.4,10458.3,14408.7,18554.9,25227.5,32345.9,39363.6,48993.0,56756.9,67370.1,77479.6,86197.2,100772.1,120223.8,144864.0,165314.1,200355.3,242234.5,277172.6,314760.4,371554.7,435384.8,489129.4,539090.8,530262.2,584929.4,647274.2,702236.4,781828.8,834443.2,906864.7,950685.4,1002664.7,1086897.3,1154509.7,1203479.8,1324586.9,1397534.8,1455170.3,1510384.9,1570493.3,1663206.6,1747143.5,1843180.9,1905837.5,1941107.9,1957669.9,2094721.3,2178875.7
"국민총소득(명목, 달러표시) (억달러)",83.1,96.1,108.9,138.9,196.1,216.1,297.7,383.4,541.1,645.6,647.5,719.1,775.9,868.0,961.2,990.2,1143.4,1461.8,1982.9,2462.3,2830.0,3302.0,3549.7,3921.1,4623.5,5646.7,6077.8,5668.0,3790.6,4917.5,5725.0,5440.2,6248.4,7001.0,7922.5,9281.2,10493.5,11697.1,10470.9,9428.7,11455.8,12611.9,12913.3,13793.0,14911.4,14699.3,15055.1,16299.2,17321.1,16652.6,16589.7,18303.8,16862.3
요소비용국민소득(명목) (십억원),2430.0,2946.4,3662.8,4698.3,6653.9,8618.8,11735.6,15022.3,20431.8,25951.3,30905.1,38407.9,44092.4,51786.3,60400.5,67127.1,78443.0,93588.7,112888.5,129311.2,154216.8,188965.6,213327.0,242099.4,286081.3,328616.9,364157.0,397289.4,382319.3,420383.5,466075.3,502838.0,564311.1,602692.2,662698.2,691776.2,728236.3,792507.9,828123.1,859286.3,953725.5,1002826.4,1041626.9,1086725.1,1128904.1,1196864.4,1256956.7,1326542.8,1364946.0,1374935.0,1365736.5,1450859.9,0.0
국민처분가능소득(명목) (십억원),2694.8,3258.4,4010.4,5151.2,7380.6,9695.8,13388.1,17199.2,23490.3,29851.9,35806.9,44510.6,51136.4,60597.1,69856.6,77467.8,90587.4,107748.9,129225.7,146195.9,175852.2,213377.0,241801.5,273578.3,323977.4,372553.2,415011.9,454682.3,436388.0,482623.6,535218.3,578750.7,649205.9,689409.2,750340.6,784904.9,827011.2,901343.3,946644.4,976066.0,1080250.2,1135618.1,1177260.3,1224415.2,1271899.3,1349292.2,1419199.9,1497065.8,1539485.3,1553455.0,1554750.8,1658266.8,0.0
국민총처분가능소득(명목) (십억원),2871.3,3487.9,4302.7,5561.8,7962.8,10491.7,14488.8,18665.5,25403.6,32511.6,39620.2,49357.1,57165.9,67849.8,77966.9,86907.6,101897.9,121606.5,146332.9,165948.0,201040.1,242809.2,277916.6,315414.5,372251.9,435664.3,488975.9,539974.5,534604.1,586081.4,647195.6,700999.0,779892.2,831292.4,904224.4,948273.9,999356.0,1084398.3,1154672.2,1202422.0,1319387.5,1393483.2,1450611.4,1507724.9,1567113.4,1658961.9,1742004.3,1836741.9,1898625.2,1935211.7,1954513.2,2090758.5,2176651.8
가계총처분가능소득(명목) (십억원),-,-,-,-,-,8146.4,11045.4,14083.2,19087.4,24043.9,28155.9,35471.1,40242.7,46501.1,53881.9,60429.2,70624.8,83180.6,97886.1,112065.9,134355.5,167574.4,191770.2,216155.6,251307.8,285300.6,324538.6,350390.9,366246.5,381230.2,403898.6,432603.2,466829.3,494340.2,532359.3,556248.7,581833.5,617108.9,658676.7,681634.6,722576.0,762753.3,793887.9,831189.6,865319.8,925744.6,948800.5,982709.9,1025640.0,1058703.8,1098173.0,1154794.2,0.0
"1인당 국내총생산(명목, 원화표시) (만원)",8.7,10.5,12.7,16.2,22.8,29.9,40.4,51.1,68.0,86.3,104.2,128.3,145.7,170.6,194.5,216.0,249.9,292.4,347.3,390.6,467.8,560.1,634.4,713.2,834.4,969.1,1078.2,1179.5,1160.6,1268.8,1386.2,1492.5,1647.1,1748.4,1889.3,1987.0,2076.0,2238.2,2352.9,2444.5,2669.0,2781.4,2868.8,2976.1,3079.9,3250.1,3398.8,3574.0,3678.2,3721.8,3744.0,4003.6,4165.5
"1인당 국내총생산(명목, 달러표시) (달러)",253.2,290.2,324.2,406.9,563.3,617.5,834.1,1055.9,1459.4,1723.1,1714.1,1882.8,1991.4,2197.8,2413.1,2480.9,2835.2,3555.3,4754.5,5817.7,6608.1,7634.4,8124.7,8884.3,10383.1,12568.5,13397.6,12400.8,8296.9,10666.5,12260.8,11562.7,13163.5,14669.4,16505.5,19398.8,21727.1,24087.9,21339.9,19151.8,23083.3,25100.4,25457.5,27178.1,29242.4,28723.8,29287.2,31605.2,33429.0,31928.8,31727.1,34983.7,32236.8
"1인당 국민총소득(명목, 원화표시) (만원)",8.8,10.5,12.8,16.2,22.9,29.6,40.2,51.0,68.2,86.2,103.3,126.5,144.3,168.8,191.8,211.2,244.5,288.8,344.7,389.4,467.4,559.5,633.6,712.2,832.3,965.5,1074.4,1173.1,1145.6,1254.8,1376.9,1482.4,1641.0,1742.3,1886.1,1973.0,2070.0,2232.6,2353.5,2440.7,2673.0,2798.6,2898.8,2995.1,3094.8,3260.2,3411.2,3588.6,3693.0,3753.9,3776.6,4048.2,4220.3
"1인당 국민총소득(명목, 달러표시) (달러)",257.8,292.4,324.9,407.3,565.3,612.5,830.4,1052.9,1463.6,1720.1,1698.5,1857.1,1973.0,2174.9,2378.9,2426.5,2774.3,3512.2,4717.7,5800.6,6601.5,7626.6,8113.9,8872.4,10357.0,12522.4,13350.6,12334.2,8189.5,10548.8,12178.7,11484.4,13114.6,14618.2,16476.9,19261.8,21663.7,24026.8,21345.3,19122.1,23117.7,25255.8,25723.7,27351.3,29383.9,28813.6,29394.3,31734.1,33563.7,32204.4,32004.1,35373.1,32661.0
"1인당 가계총처분가능소득(명목, 원화표시) (만원)",-,-,-,-,-,23.1,30.8,38.7,51.6,64.1,73.9,91.6,102.3,116.5,133.4,148.1,171.4,199.8,232.9,264.0,313.4,387.0,438.4,489.1,562.9,632.7,712.9,762.5,791.3,817.8,859.2,913.2,979.8,1032.2,1107.2,1154.4,1201.2,1267.6,1342.7,1382.4,1458.2,1527.4,1581.5,1648.2,1705.2,1814.7,1852.5,1913.3,1987.4,2047.4,2118.5,2231.7,0.0
"1인당 가계총처분가능소득(명목, 달러표시) (달러)",-,-,-,-,-,477.1,636.6,799.1,1107.4,1278.6,1214.9,1344.6,1398.9,1501.2,1654.4,1701.1,1944.3,2430.0,3187.8,3932.2,4426.8,5276.0,5613.9,6092.9,7005.1,8205.7,8858.1,8016.8,5656.4,6875.3,7599.5,7074.8,7830.7,8660.1,9672.5,11270.2,12571.1,13641.7,12178.0,10830.5,12611.0,13784.2,14033.9,15051.9,16190.1,16037.7,15962.8,16919.3,18062.5,17564.6,17953.0,19500.8,0.0
국내총생산(실질성장률) (%),10.1,10.5,7.2,14.9,9.5,7.8,13.2,12.3,11.0,8.7,-1.6,7.2,8.3,13.4,10.6,7.8,11.3,12.7,12.0,7.1,9.9,10.8,6.2,6.9,9.3,9.6,7.9,6.2,-5.1,11.5,9.1,4.9,7.7,3.1,5.2,4.3,5.3,5.8,3.0,0.8,6.8,3.7,2.4,3.2,3.2,2.8,2.9,3.2,2.9,2.2,-0.7,4.1,2.6
농림어업 (%),-0.7,5.5,3.0,6.6,6.3,5.3,9.0,3.0,-9.9,11.4,-16.1,15.7,7.8,9.3,-2.6,5.9,5.2,-4.3,9.4,-0.1,-5.6,3.2,9.0,-4.2,0.1,6.8,3.9,4.3,-7.6,5.1,0.3,0.4,-3.0,-6.2,7.7,0.6,2.3,5.0,6.4,4.6,-3.6,-1.0,-0.5,4.2,5.1,-0.2,-5.6,2.3,0.2,3.9,-5.8,3.8,-1.3
광공업 (%),16.3,16.3,14.0,29.6,15.9,12.6,19.8,16.2,24.1,9.6,-1.5,8.8,4.2,16.4,19.0,6.9,15.8,19.4,12.9,4.2,10.8,13.8,5.6,7.0,11.6,12.7,8.7,6.2,-7.2,20.5,16.0,2.8,9.4,5.0,10.2,5.3,7.8,8.1,3.5,-2.3,13.5,5.2,1.4,3.1,3.2,1.6,2.3,3.7,3.3,1.1,-1.1,6.9,1.3
(제조업) (%),16.0,17.5,15.0,30.4,16.4,12.7,21.0,16.3,25.3,10.5,-1.4,9.3,5.1,16.9,19.7,6.9,16.3,20.3,13.4,4.4,11.3,14.1,6.0,7.2,11.6,13.0,8.9,6.3,-7.1,20.7,16.2,2.8,9.5,5.0,10.3,5.3,7.9,8.2,3.5,-2.3,13.6,5.2,1.4,3.1,3.2,1.7,2.3,3.7,3.3,1.1,-1.1,6.9,1.4
"전기, 가스 및 수도사업 (%)",17.8,23.1,11.6,18.1,13.5,12.7,22.0,7.9,33.7,7.1,7.0,15.6,6.1,29.8,26.6,20.2,26.8,12.5,10.3,12.0,16.9,11.2,13.5,13.2,13.7,7.4,10.9,9.5,0.9,10.8,11.2,5.1,8.7,3.5,6.8,7.1,2.7,4.0,3.6,4.7,4.2,-0.2,1.8,-2.5,2.5,3.1,-1.2,6.2,-1.7,4.3,4.1,4.0,1.9
건설업 (%),4.3,-2.1,-2.0,23.1,11.3,5.8,9.4,28.3,28.0,4.5,-2.5,-7.1,15.7,21.2,5.6,5.3,3.5,9.9,8.2,12.3,23.5,12.0,-1.5,8.8,4.5,5.2,6.8,1.4,-11.1,-7.0,-5.0,4.6,4.2,8.6,2.0,0.1,0.8,2.4,-3.3,1.4,-4.0,-4.8,-0.5,4.3,1.5,6.2,9.8,5.9,-2.8,-2.6,-1.3,-2.6,0.3
서비스업 (%),13.7,11.9,8.1,11.2,6.9,7.7,9.7,10.5,10.2,7.9,5.9,6.0,9.5,9.8,9.2,8.8,10.4,12.0,12.5,9.3,9.3,10.5,8.0,8.2,9.4,9.1,7.8,7.2,-2.4,9.3,7.6,6.1,8.4,2.5,3.2,4.4,4.9,5.8,3.9,2.0,5.1,3.9,3.4,3.6,3.1,3.1,2.9,2.6,3.8,3.4,-0.8,3.8,4.2
순생산물세 (%),16.5,12.1,5.6,21.4,13.3,4.1,25.2,26.6,18.3,6.9,-5.2,5.1,9.8,18.5,11.6,6.7,11.5,17.5,11.9,7.8,13.0,8.9,3.2,4.0,11.7,9.9,8.5,5.4,-9.1,16.6,10.4,5.5,5.4,2.0,4.5,4.3,4.5,2.3,-0.6,0.3,7.5,4.2,2.0,1.1,4.4,3.7,4.4,2.8,1.3,0.8,1.4,3.1,-2.0
국내총소득 (%),9.1,10.1,6.9,14.6,6.2,5.7,16.8,13.6,11.8,8.2,-4.9,6.0,9.3,14.1,11.0,7.6,13.9,13.8,12.9,8.2,9.3,10.9,6.2,7.2,9.5,8.9,6.6,4.2,-7.0,10.5,6.0,4.0,8.3,2.6,4.1,3.0,3.6,5.6,0.1,2.6,6.9,1.2,2.5,4.3,3.6,6.5,4.4,3.3,1.6,-0.1,0.0,3.1,-1.2
국민총소득 (%),8.1,9.0,6.4,14.4,6.5,4.4,17.2,13.9,12.4,7.7,-5.6,5.5,9.8,14.0,10.5,6.8,14.0,14.9,13.4,8.8,9.5,10.9,6.1,7.2,9.4,8.8,6.7,4.0,-7.7,10.7,6.5,4.0,8.6,2.7,4.3,2.4,4.0,5.7,0.4,2.5,7.2,1.6,2.9,3.8,3.5,6.3,4.4,3.3,1.6,0.4,0.1,3.4,-1.0
최종소비지출(실질증감률) (%),10.1,9.5,5.9,8.2,7.5,5.9,7.3,5.8,8.1,8.3,1.7,5.6,6.7,8.4,7.2,6.7,8.7,8.4,9.2,10.9,10.1,8.3,6.8,6.5,8.2,9.6,7.6,3.9,-9.4,10.7,7.8,5.9,8.6,0.6,1.2,4.8,5.5,5.5,2.3,1.6,4.7,2.9,2.3,2.4,2.5,2.6,3.0,3.1,3.7,3.2,-2.2,4.2,4.3
민간 (%),10.5,9.6,5.6,9.1,7.5,5.7,8.4,5.6,8.5,8.7,0.0,5.4,7.5,9.3,7.7,7.3,9.3,8.6,9.4,10.8,10.1,9.1,7.0,6.9,9.2,10.7,7.7,4.2,-11.9,12.0,9.3,5.8,9.0,-0.4,0.4,4.7,4.9,5.3,1.6,0.2,4.4,2.9,1.7,1.7,2.0,2.2,2.6,2.8,3.2,2.1,-4.8,3.7,4.3
정부 (%),7.3,8.6,8.2,2.3,7.2,6.9,0.6,6.9,5.6,5.8,12.0,6.7,2.2,3.6,4.8,3.4,5.3,7.2,8.6,11.3,10.4,4.9,6.3,4.2,3.3,3.9,6.9,2.4,4.0,5.0,0.7,6.5,6.5,5.1,4.6,5.3,7.6,6.5,4.8,6.7,5.6,2.6,4.5,4.8,4.3,3.8,4.4,3.9,5.3,6.4,5.1,5.6,4.1
총고정자본형성 (%),8.6,6.3,2.6,26.1,14.4,10.3,27.5,32.5,35.2,9.5,-11.1,-2.1,11.7,16.1,11.6,6.3,14.3,18.4,14.0,16.1,24.6,14.3,2.4,8.1,14.1,13.0,8.6,-0.5,-20.5,9.3,14.0,2.2,7.4,5.3,2.8,1.5,4.0,5.1,-0.6,0.4,5.8,1.3,-0.1,2.8,3.1,5.4,6.6,9.8,-2.2,-2.1,3.5,2.8,-0.8
총고정자본형성(민간) (%),-,5.5,4.5,34.4,16.3,5.8,28.3,34.1,36.0,10.5,-14.3,-5.6,17.5,16.6,12.8,4.5,17.3,20.4,14.5,18.1,26.4,13.0,1.2,8.5,14.8,14.0,8.9,-2.0,-23.5,11.3,14.0,1.8,8.9,4.0,2.9,2.1,5.0,5.5,-0.8,-4.5,10.9,2.6,0.3,2.6,5.0,5.4,6.5,11.1,-3.0,-4.5,3.6,4.4,0.2
총고정자본형성(정부) (%),-,8.7,-3.5,-2.5,5.6,34.7,24.5,25.7,31.7,5.0,3.5,10.5,-6.7,14.1,6.5,14.6,2.0,9.2,11.5,5.8,14.3,22.6,8.9,6.4,10.4,7.5,6.8,8.0,-5.2,0.5,13.8,4.3,0.4,12.0,2.1,-1.2,-0.8,3.0,0.4,24.6,-13.5,-4.8,-2.5,4.1,-6.3,5.2,6.8,2.2,2.6,11.4,3.4,-5.3,-6.2
건설투자 (%),10.5,-1.5,-1.9,28.6,13.5,7.9,13.5,27.1,26.1,4.9,-4.4,-5.2,18.1,22.2,7.5,4.6,4.0,17.0,13.9,16.9,30.0,13.5,0.3,11.9,6.0,9.7,7.3,2.5,-13.2,-3.3,0.0,6.5,6.4,8.8,1.6,0.0,0.7,1.5,-2.7,3.6,-3.7,-2.8,-3.5,6.3,1.4,6.9,10.0,7.3,-4.6,-1.7,1.5,-1.6,-3.5
(건물건설) (%),-,-5.7,-7.6,44.3,23.4,1.8,12.0,21.5,37.3,-0.7,-8.4,-14.7,18.3,30.4,6.0,-2.3,11.6,19.1,21.6,21.5,37.8,8.1,-5.7,16.0,3.5,12.3,1.1,-0.6,-18.2,-12.7,2.3,11.4,16.2,12.7,2.8,-1.2,0.9,-0.1,-4.4,-2.5,-1.2,-1.6,-1.4,11.6,6.5,9.4,16.9,12.4,-5.4,-4.1,0.2,1.1,-1.7
(토목건설) (%),-,5.8,6.7,7.9,-4.0,21.5,16.3,36.8,9.2,15.3,2.1,7.9,17.9,13.2,9.6,13.5,-4.7,14.2,3.4,9.4,16.4,24.4,11.2,5.5,10.3,5.4,18.4,7.3,-6.2,8.5,-2.4,1.2,-4.9,3.2,-0.3,1.7,0.5,4.0,-0.2,12.1,-6.6,-4.4,-6.3,-1.1,-6.6,2.5,-3.4,-4.7,-2.7,4.7,4.8,-8.1,-8.3
설비투자 (%),5.5,24.0,10.2,22.3,15.4,12.7,45.5,38.0,45.6,13.4,-19.1,0.8,2.7,8.9,16.0,6.0,25.7,19.4,13.7,15.3,19.3,16.1,3.9,1.0,27.4,16.0,10.3,-8.0,-38.6,35.5,34.8,-6.9,8.3,0.4,2.6,3.5,9.0,9.9,-0.2,-8.1,23.2,5.5,1.0,-3.9,5.1,5.1,2.6,16.5,-2.3,-6.6,7.2,9.0,-0.5
(기계류) (%),-,22.7,5.3,29.4,-4.7,19.6,60.8,58.0,55.1,19.1,-24.9,-1.7,5.2,9.4,16.5,5.7,30.5,22.8,15.1,17.9,17.1,17.0,0.0,0.3,24.2,23.5,10.6,-6.1,-36.0,30.7,38.4,-3.6,9.4,4.1,5.8,4.4,6.9,7.1,-2.5,-11.8,29.1,6.1,2.2,-5.7,4.2,5.5,1.4,23.0,-4.2,-10.2,9.0,12.8,2.2
(운송장비) (%),-,25.7,16.9,13.4,44.5,6.0,28.6,10.1,25.8,-0.8,-2.0,6.7,-2.2,7.9,14.9,6.7,16.1,10.5,9.8,8.5,24.7,13.8,13.3,2.5,35.0,-2.1,9.3,-13.7,-46.8,54.3,23.7,-17.3,4.6,-10.9,-8.4,-0.2,17.4,19.7,7.1,2.4,7.7,3.8,-2.7,2.0,7.7,4.2,6.2,-1.9,4.0,4.7,2.6,-1.5,-9.3
지식재산생산물투자 (%),6.6,6.4,5.0,28.1,21.1,27.7,29.6,42.6,26.6,23.4,11.5,10.0,34.4,10.6,25.7,31.5,27.1,23.0,17.8,16.4,18.0,11.2,12.8,13.0,18.9,22.5,9.5,11.1,-2.9,14.1,19.8,13.8,9.0,4.4,7.6,3.1,5.8,7.9,5.4,5.6,6.3,5.5,6.9,5.4,4.5,2.0,4.0,6.5,4.4,3.1,3.4,4.4,4.7
재화와서비스의수출 (%),30.7,24.2,42.9,50.9,4.3,21.3,39.1,21.9,16.9,3.0,8.5,13.9,2.0,16.5,12.6,1.3,35.0,24.4,10.7,-3.7,5.1,12.2,12.1,10.1,18.1,23.0,10.2,18.7,14.6,12.3,17.0,-1.8,12.8,13.6,21.0,7.9,12.0,12.6,7.6,-0.5,13.0,15.4,5.8,3.8,2.1,0.2,2.4,2.5,4.0,0.2,-1.7,10.8,3.2
(재화) (%),42.5,30.0,49.4,49.6,10.7,23.0,39.1,20.4,17.2,1.5,10.1,13.3,-1.3,15.2,14.1,-0.6,37.6,25.9,11.6,-4.1,4.4,13.7,11.9,8.8,17.6,22.7,8.9,19.1,16.2,15.5,18.9,-1.9,15.7,16.2,20.7,9.2,13.3,12.3,6.0,0.2,13.8,17.2,5.0,3.9,1.1,-0.3,2.0,4.4,3.3,-1.1,-0.2,10.5,3.4
재화와서비스의수입 (%),9.1,20.1,0.2,34.0,19.6,4.2,24.5,22.1,30.5,13.6,-3.3,4.7,1.5,6.9,4.3,-2.0,33.2,18.1,13.2,15.8,13.4,20.0,4.8,6.7,23.9,22.0,14.1,2.4,-24.2,24.6,22.1,-3.5,14.9,10.5,12.1,7.8,12.5,11.4,3.3,-6.9,17.5,14.5,2.6,1.6,1.3,2.1,5.2,8.9,1.7,-1.9,-3.1,10.1,3.7
(재화) (%),8.6,21.0,-0.3,33.2,18.8,0.2,24.8,21.5,30.6,13.2,-5.8,2.0,1.8,6.6,5.0,-2.3,35.1,19.2,11.7,13.4,12.4,20.1,3.8,7.5,23.0,20.7,13.4,1.4,-27.0,29.5,23.1,-4.4,14.9,11.7,10.7,6.7,12.7,10.2,3.1,-7.2,19.3,17.7,2.1,1.2,0.3,0.7,3.9,8.8,2.0,-2.5,0.3,12.8,4.7
농림어업(생산구조-명목) (%),29.0,29.6,28.6,26.6,26.4,27.0,25.6,24.3,22.3,20.8,16.0,16.8,15.7,14.2,13.3,13.1,11.6,10.3,10.2,9.4,8.4,7.5,7.3,6.5,6.2,5.9,5.5,4.9,4.6,4.7,4.3,4.0,3.6,3.3,3.3,2.9,2.8,2.5,2.4,2.5,2.4,2.4,2.4,2.3,2.2,2.2,2.0,2.0,1.9,1.8,1.9,2.0,1.7
광공업 (%),20.7,19.7,21.4,24.3,24.0,23.7,25.1,25.0,25.1,25.4,26.0,25.9,25.8,27.2,28.6,28.1,29.4,30.6,31.3,29.9,28.4,28.3,27.3,27.5,28.3,28.8,27.6,27.6,28.1,28.6,29.6,27.9,27.6,27.0,29.0,28.6,28.1,28.2,28.4,28.5,30.3,31.1,30.6,30.4,29.6,29.1,29.0,29.6,29.2,27.7,27.2,28.0,28.1
(제조업) (%),19.0,18.2,20.2,23.2,22.8,22.2,23.9,23.5,23.7,24.2,24.7,24.4,24.4,25.9,27.5,26.9,28.2,29.6,30.5,29.2,27.7,27.6,26.8,27.0,27.8,28.3,27.2,27.2,27.8,28.3,29.3,27.7,27.3,26.8,28.8,28.4,27.9,28.1,28.2,28.3,30.2,30.9,30.5,30.3,29.5,29.0,28.8,29.5,29.1,27.5,27.1,27.9,28.0
"전기, 가스 및 수도사업 (%)",1.4,1.4,1.5,1.3,0.8,1.2,1.3,1.5,1.5,1.9,2.3,2.5,2.6,2.8,3.1,3.1,3.4,3.2,2.8,2.6,2.2,2.1,2.3,2.4,2.4,2.3,2.3,2.3,2.6,2.8,2.9,2.9,2.8,2.8,2.6,2.5,2.5,2.4,1.6,2.0,2.1,1.9,2.0,2.1,2.5,2.7,2.8,2.4,2.0,2.1,2.4,1.9,1.0
건설업 (%),5.1,4.4,4.0,4.2,4.3,4.5,4.4,5.3,7.3,8.0,7.7,6.6,7.1,7.2,6.9,6.5,5.9,6.0,6.3,7.2,9.6,10.3,9.8,9.8,9.1,9.0,9.2,9.1,7.8,6.8,6.1,6.2,6.2,6.9,6.7,6.5,6.4,6.2,5.8,5.7,5.0,4.8,4.8,5.0,5.0,5.3,5.7,6.0,5.9,5.9,6.0,5.6,5.6
서비스업 (%),43.8,44.9,44.6,43.6,44.6,43.6,43.6,43.9,43.8,43.9,48.0,48.2,48.8,48.6,48.1,49.2,49.7,49.9,49.4,50.9,51.4,51.7,53.3,53.8,54.0,54.1,55.4,56.0,56.9,57.0,57.2,59.1,59.8,59.9,58.5,59.4,60.3,60.6,61.9,61.4,60.1,59.9,60.3,60.2,60.6,60.6,60.5,60.0,60.9,62.5,62.4,62.5,63.6
최종소비지출(지출구조-명목) (%),83.6,85.6,83.2,77.6,78.5,80.2,75.2,71.7,69.6,69.8,74.6,74.8,73.4,69.6,67.1,66.6,63.5,60.7,58.8,61.4,61.2,61.1,62.0,61.9,62.0,62.0,63.6,63.6,61.7,63.7,65.4,67.2,67.8,66.2,64.0,65.2,66.4,65.9,66.6,66.3,64.6,65.6,66.0,65.5,65.2,63.6,63.2,63.0,64.1,65.7,64.4,64.3,67.1
민간 (%),73.7,75.4,72.8,68.7,68.9,69.1,64.4,61.1,59.7,60.0,62.7,62.8,61.6,58.5,56.6,55.9,53.2,50.8,48.9,50.6,50.2,50.3,50.9,51.1,51.8,52.0,53.2,53.4,50.3,52.6,54.5,55.4,56.1,54.1,51.6,52.3,53.0,52.5,52.5,51.7,50.4,51.2,51.3,50.5,49.9,48.5,48.0,47.5,48.0,48.6,46.4,46.1,48.4
정부 (%),9.9,10.2,10.5,8.9,9.6,11.1,10.8,10.7,9.9,9.8,11.9,12.1,11.8,11.1,10.6,10.6,10.3,10.0,9.9,10.8,11.0,10.8,11.1,10.7,10.3,10.0,10.4,10.2,11.4,11.1,10.9,11.8,11.7,12.2,12.4,12.9,13.4,13.4,14.0,14.7,14.2,14.4,14.7,15.0,15.2,15.1,15.2,15.4,16.1,17.1,18.0,18.2,18.7
총고정자본형성 (%),25.9,23.4,21.5,24.3,27.2,27.2,26.4,29.3,33.5,34.5,32.9,29.0,29.7,30.3,29.7,29.5,29.4,30.2,30.6,32.7,37.3,39.0,37.0,36.4,36.4,37.1,37.5,35.6,30.8,30.0,31.8,30.8,30.4,31.3,31.0,30.5,30.5,30.2,31.0,30.9,30.2,30.2,29.6,29.1,29.0,29.0,29.7,31.5,30.4,30.1,31.3,31.6,32.0
재화와서비스의수출 (%),11.4,12.7,16.6,23.9,22.2,22.7,25.5,26.0,25.0,23.7,28.4,29.9,27.4,27.9,28.9,26.9,32.0,34.8,32.5,27.4,25.0,23.8,24.1,23.7,24.1,25.7,24.8,28.3,39.5,32.6,33.9,31.8,29.8,31.4,36.8,35.3,35.6,37.4,47.6,45.2,47.1,53.3,54.1,51.3,47.8,43.0,40.1,40.9,41.7,39.3,36.4,42.0,48.3
(공제)재화와서비스의수입 (%),21.1,23.0,21.4,27.7,33.3,31.3,28.3,27.9,29.2,30.9,37.1,37.2,32.9,30.0,28.5,25.8,28.1,28.2,26.2,25.6,25.8,26.0,24.7,23.2,24.6,26.7,27.9,29.2,29.0,27.2,32.2,30.4,28.6,29.8,33.3,33.0,35.0,36.5,47.9,40.9,44.3,52.2,51.4,46.7,42.8,36.1,33.5,36.2,37.3,36.5,32.7,38.5,48.5
총본원소득(GNI)의분배,-,-,-,-,-,-,-,-,-,-,-,-,-,-,-,-,-,-,-,-,-,-,-,-,-,-,-,-,-,-,0.0,0.0,0.0,0.0,0.0,0.0,0.0,0.0,0.0,0.0,0.0,0.0,0.0,0.0,0.0,0.0,0.0,0.0,0.0,0.0,0.0,-,-
요소소득별,-,-,-,-,-,-,-,-,-,-,-,-,-,-,-,-,-,-,-,-,-,-,-,-,-,-,-,-,-,-,0.0,0.0,0.0,0.0,0.0,0.0,0.0,0.0,0.0,0.0,0.0,0.0,0.0,0.0,0.0,0.0,0.0,0.0,0.0,0.0,0.0,-,-
피용자보수 (%),34.1,34.4,33.9,33.9,31.9,32.7,33.5,35.2,36.9,38.5,39.9,39.7,40.0,40.8,40.9,40.9,40.7,40.9,41.7,43.4,44.0,45.3,45.2,45.3,45.0,45.8,46.8,45.0,43.6,42.2,41.8,42.5,42.1,43.0,42.9,43.9,44.3,44.0,43.8,43.7,42.4,42.9,43.2,43.9,44.7,45.1,44.9,44.7,45.5,47.0,47.8,47.4,0.0
기업 및 재산소득 (%),51.3,50.7,51.7,51.0,52.0,49.7,47.9,45.8,44.1,41.7,38.6,38.7,37.7,36.1,37.1,37.0,37.1,37.0,36.2,34.8,33.0,32.7,31.8,31.6,32.0,29.7,27.7,28.7,28.5,29.7,30.2,29.1,30.0,29.2,30.2,28.9,28.4,28.9,27.9,27.7,29.6,28.9,28.4,28.0,27.2,26.9,27.0,27.3,26.1,23.8,22.0,21.9,0.0
고정자본소모 (%),6.2,6.6,6.8,7.4,7.3,7.6,7.6,7.9,7.6,8.2,9.7,9.9,10.6,10.8,10.5,11.0,11.2,11.5,11.8,11.9,12.6,12.2,13.0,13.3,13.0,14.5,15.1,15.8,18.5,17.7,17.3,17.4,16.7,17.0,17.0,17.2,17.2,16.8,18.0,18.8,18.1,18.5,18.8,18.8,18.8,18.6,18.5,18.4,18.8,19.7,20.4,20.6,0.0
생산및수입세(공제)보조금 (%),8.5,8.3,7.5,7.7,8.8,10.0,10.9,11.1,11.4,11.5,11.8,11.7,11.7,12.4,11.6,11.2,10.9,10.6,10.3,9.8,10.5,9.8,10.0,9.8,10.0,10.0,10.4,10.5,9.4,10.4,10.7,11.0,11.1,10.8,10.0,10.0,10.2,10.2,10.3,9.8,9.9,9.8,9.6,9.3,9.3,9.4,9.6,9.6,9.5,9.5,9.8,10.1,0.0
제도부문별,-,-,-,-,-,-,-,-,-,-,-,-,-,-,-,-,-,-,-,-,-,-,-,-,-,-,-,-,-,-,0.0,0.0,0.0,0.0,0.0,0.0,0.0,0.0,0.0,0.0,0.0,0.0,0.0,0.0,0.0,0.0,0.0,0.0,0.0,0.0,0.0,-,-
가계 (%),-,-,-,-,-,79.1,78.2,76.7,76.3,75.2,72.5,73.5,72.5,70.3,70.7,71.1,70.9,70.1,69.3,70.3,70.0,71.8,71.8,71.7,70.5,69.3,70.8,69.1,72.6,68.6,67.2,66.3,64.0,64.2,63.2,63.3,63.5,62.4,61.9,61.4,59.3,59.6,59.9,60.5,61.0,61.5,60.8,60.0,60.5,61.5,61.5,61.2,0.0
기업 (%),-,-,-,-,-,9.6,9.7,11.0,11.3,12.0,14.0,12.9,14.1,15.6,16.0,15.7,16.3,17.4,18.4,17.6,17.2,16.1,15.9,16.3,17.2,18.4,16.2,17.6,14.7,17.9,18.9,19.5,21.9,22.5,24.3,23.5,23.0,23.8,24.9,25.2,27.6,27.4,27.4,27.0,26.6,26.0,26.5,27.0,26.5,25.4,25.0,25.1,0.0
정부 (%),-,-,-,-,-,11.3,12.1,12.3,12.5,12.8,13.5,13.6,13.4,14.1,13.3,13.1,12.8,12.5,12.3,12.1,12.7,12.1,12.3,12.0,12.2,12.4,13.0,13.3,12.7,13.5,14.0,14.2,14.1,13.2,12.5,13.1,13.5,13.7,13.2,13.4,13.1,13.0,12.7,12.5,12.4,12.5,12.7,13.0,13.0,13.2,13.5,13.7,0.0
요소소득별,-,-,-,-,-,-,-,-,-,-,-,-,-,-,-,-,-,-,-,-,-,-,-,-,-,-,-,-,-,-,0.0,0.0,0.0,0.0,0.0,0.0,0.0,0.0,0.0,0.0,0.0,0.0,0.0,0.0,0.0,0.0,0.0,0.0,0.0,0.0,0.0,-,-
피용자보수 (%),33.8,34.2,33.7,33.7,31.8,32.6,33.3,34.9,36.6,38.3,39.6,39.4,39.7,40.5,40.6,40.5,40.2,40.4,41.3,43.3,43.8,45.2,45.1,45.2,45.0,45.8,46.8,44.9,43.2,42.1,41.8,42.6,42.3,43.2,43.0,44.0,44.4,44.1,43.8,43.8,42.6,43.0,43.4,44.0,44.8,45.2,45.1,44.8,45.7,47.1,47.8,47.4,0.0
기업 및 재산소득 (%),50.8,50.3,51.4,50.8,51.8,49.5,47.7,45.5,43.8,41.5,38.4,38.4,37.5,35.8,36.9,36.7,36.7,36.6,35.9,34.7,32.9,32.6,31.7,31.5,31.9,29.6,27.7,28.7,28.3,29.6,30.2,29.1,30.1,29.3,30.3,28.9,28.4,29.0,27.9,27.7,29.7,28.9,28.4,28.1,27.3,27.0,27.1,27.4,26.2,23.9,22.0,22.0,0.0
고정자본소모 (%),6.1,6.6,6.8,7.4,7.3,7.6,7.6,7.9,7.5,8.2,9.6,9.8,10.5,10.7,10.4,10.9,11.1,11.4,11.7,11.9,12.5,12.1,13.0,13.3,13.0,14.5,15.1,15.8,18.4,17.7,17.3,17.4,16.8,17.1,17.0,17.2,17.2,16.9,18.0,18.8,18.1,18.5,18.8,18.8,18.8,18.7,18.5,18.5,18.9,19.7,20.5,20.7,0.0
생산및수입세(공제)보조금 (%),8.4,8.3,7.5,7.6,8.8,9.9,10.9,11.1,11.3,11.5,11.7,11.6,11.6,12.3,11.5,11.1,10.8,10.5,10.2,9.8,10.4,9.8,10.0,9.8,10.0,10.0,10.4,10.5,9.3,10.4,10.7,11.0,11.1,10.8,10.0,10.1,10.2,10.3,10.3,9.8,10.0,9.8,9.7,9.3,9.3,9.4,9.6,9.6,9.6,9.5,9.8,10.1,0.0
국외순수취경상이전 (%),0.8,0.7,0.6,0.5,0.4,0.3,0.6,0.6,0.7,0.5,0.6,0.7,0.7,0.7,0.6,0.8,1.1,1.1,1.0,0.4,0.3,0.2,0.3,0.2,0.2,0.1,0.0,0.2,0.8,0.2,0.0,-0.2,-0.2,-0.4,-0.3,-0.3,-0.3,-0.2,0.0,-0.1,-0.4,-0.3,-0.3,-0.2,-0.2,-0.3,-0.3,-0.4,-0.4,-0.3,-0.2,-0.2,0.0
제도부문별,-,-,-,-,-,-,-,-,-,-,-,-,-,-,-,-,-,-,-,-,-,-,-,-,-,-,-,-,-,-,0.0,0.0,0.0,0.0,0.0,0.0,0.0,0.0,0.0,0.0,0.0,0.0,0.0,0.0,0.0,0.0,0.0,0.0,0.0,0.0,0.0,-,-
가계 (%),-,-,-,-,-,77.6,76.2,75.5,75.1,74.0,71.1,71.9,70.4,68.5,69.1,69.5,69.3,68.4,66.9,67.5,66.8,69.0,69.0,68.5,67.5,65.5,66.4,64.9,68.5,65.0,62.4,61.7,59.9,59.5,58.9,58.7,58.2,56.9,57.0,56.7,54.8,54.7,54.7,55.1,55.2,55.8,54.5,53.5,54.0,54.7,56.2,55.2,0.0
기업 (%),-,-,-,-,-,7.9,7.6,8.7,8.9,9.2,11.4,10.3,11.4,12.8,13.2,12.8,13.5,14.3,15.0,13.7,13.7,12.7,12.4,13.0,13.9,15.4,13.3,15.0,11.6,15.4,15.6,16.4,18.4,18.3,20.2,19.0,18.7,19.2,20.2,21.1,23.6,23.0,23.3,22.9,23.0,22.5,23.0,23.2,21.8,21.4,22.4,21.9,0.0
정부 (%),-,-,-,-,-,14.4,16.1,15.8,16.0,16.8,17.6,17.8,18.2,18.7,17.7,17.7,17.2,17.3,18.1,18.7,19.4,18.3,18.6,18.5,18.6,19.1,20.3,20.1,19.9,19.6,22.0,21.8,21.8,22.2,20.9,22.3,23.1,23.9,22.8,22.2,21.7,22.2,22.0,22.0,21.8,21.7,22.6,23.3,24.2,23.9,21.4,22.9,0.0
총조정처분가능소득의분배,-,-,-,-,-,-,-,-,-,-,-,-,-,-,-,-,-,-,-,-,-,-,-,-,-,-,-,-,-,-,0.0,0.0,0.0,0.0,0.0,0.0,0.0,0.0,0.0,0.0,0.0,0.0,0.0,0.0,0.0,0.0,0.0,0.0,0.0,0.0,0.0,-,-
제도부문별,-,-,-,-,-,-,-,-,-,-,-,-,-,-,-,-,-,-,-,-,-,-,-,-,-,-,-,-,-,-,0.0,0.0,0.0,0.0,0.0,0.0,0.0,0.0,0.0,0.0,0.0,0.0,0.0,0.0,0.0,0.0,0.0,0.0,0.0,0.0,0.0,-,-
가계 (%),-,-,-,-,-,81.0,79.9,79.1,78.5,77.4,75.0,76.0,74.9,73.1,73.4,73.7,73.3,72.2,70.9,71.9,71.6,73.7,73.9,73.4,72.2,70.0,71.1,69.6,73.7,70.2,67.6,67.6,65.6,65.3,65.0,65.0,64.9,63.8,64.2,64.2,62.1,62.2,62.4,63.0,63.4,64.0,62.8,61.9,62.8,64.1,66.1,65.2,0.0
기업 (%),-,-,-,-,-,7.9,7.6,8.7,8.9,9.2,11.4,10.3,11.4,12.8,13.2,12.8,13.5,14.3,15.0,13.7,13.7,12.7,12.4,13.0,13.9,15.4,13.3,15.0,11.6,15.4,15.6,16.4,18.4,18.3,20.2,19.0,18.7,19.2,20.2,21.1,23.6,23.0,23.3,22.9,23.0,22.5,23.0,23.2,21.8,21.4,22.4,21.9,0.0
정부 (%),-,-,-,-,-,11.1,12.5,12.2,12.6,13.4,13.6,13.7,13.7,14.1,13.4,13.5,13.2,13.5,14.1,14.3,14.7,13.6,13.6,13.6,14.0,14.5,15.6,15.4,14.7,14.4,16.8,16.0,16.0,16.4,14.8,16.0,16.4,17.0,15.6,14.8,14.3,14.7,14.3,14.1,13.6,13.6,14.3,14.9,15.4,14.5,11.5,12.9,0.0
피용자보수비율 (%),39.9,40.4,39.6,39.9,38.0,39.7,41.2,43.4,45.5,48.0,50.8,50.6,51.4,53.1,52.4,52.5,52.3,52.5,53.5,55.5,57.1,58.1,58.7,58.9,58.5,60.7,62.8,61.0,60.4,58.7,58.1,59.4,58.4,59.6,58.7,60.3,61.0,60.3,61.1,61.2,58.9,59.8,60.4,61.1,62.1,62.6,62.5,62.0,63.5,66.4,68.4,68.4,0.0
총저축률 (%),18.5,15.6,17.5,22.9,22.1,19.4,24.9,28.5,31.1,30.4,25.2,24.7,26.5,30.2,32.4,32.5,35.8,39.2,41.3,38.7,38.9,39.0,38.1,38.2,37.9,37.8,36.1,36.2,38.0,35.7,34.2,32.3,31.7,33.3,35.7,34.2,33.2,33.8,33.4,33.5,35.2,34.6,34.5,34.8,35.0,36.4,36.8,37.1,35.9,34.7,36.0,36.3,33.7
민간 (%),11.8,9.7,14.3,19.4,19.0,16.1,19.6,23.3,24.9,23.4,19.5,19.0,20.1,22.6,25.3,25.6,29.0,31.9,33.1,30.7,30.5,31.4,30.6,30.4,29.6,28.8,26.2,26.3,29.5,27.3,23.1,22.3,21.8,23.4,27.2,24.8,23.5,23.3,24.7,26.0,27.8,26.7,27.1,27.8,28.4,29.7,29.5,29.2,27.8,27.7,32.5,31.4,0.0
(가계 및 비영리단체) (%),-,-,-,-,-,8.2,11.9,14.6,16.0,14.2,8.2,8.7,8.7,9.9,12.1,12.8,15.5,17.6,18.1,17.0,16.7,18.8,18.1,17.5,15.7,13.4,12.9,11.3,17.9,12.0,7.5,5.8,3.4,5.0,7.0,5.8,4.9,4.3,4.7,5.2,4.8,4.4,4.7,5.7,6.5,8.1,7.5,6.8,6.8,7.4,11.1,10.5,0.0
(기업) (%),-,-,-,-,-,7.9,7.6,8.7,8.9,9.2,11.4,10.3,11.4,12.8,13.2,12.8,13.5,14.3,15.0,13.7,13.7,12.7,12.4,13.0,13.9,15.4,13.3,15.0,11.6,15.4,15.6,16.4,18.4,18.3,20.2,19.0,18.6,19.1,20.0,20.8,23.0,22.4,22.4,22.1,21.8,21.6,22.0,22.4,21.0,20.4,21.4,20.9,0.0
정부 (%),6.7,5.9,3.2,3.5,3.1,3.3,5.3,5.2,6.2,7.0,5.6,5.7,6.4,7.6,7.0,6.9,6.8,7.3,8.2,8.0,8.5,7.6,7.5,7.7,8.3,9.0,9.9,9.8,8.4,8.4,11.0,10.0,9.9,9.9,8.5,9.3,9.7,10.4,8.7,7.5,7.4,7.9,7.4,7.0,6.6,6.7,7.3,7.8,8.2,6.9,3.5,4.9,0.0
국내총투자율 (%),25.6,24.6,21.3,25.8,32.4,28.7,27.6,30.0,34.1,37.3,34.1,32.4,32.0,32.6,32.6,32.7,33.0,32.6,34.7,36.7,39.5,41.2,38.7,37.6,38.5,39.1,39.6,37.3,27.9,31.3,33.1,31.9,31.3,32.5,32.7,32.8,33.2,33.3,33.7,29.5,32.6,33.2,31.1,29.7,29.7,29.5,30.1,32.3,31.5,31.3,31.7,31.8,32.8
(국내총고정투자율) (%),25.2,23.0,21.3,24.2,27.0,27.4,26.4,29.2,33.2,34.4,33.0,29.2,29.8,30.4,29.9,29.9,29.7,30.2,30.6,32.6,37.2,38.9,37.0,36.4,36.4,37.2,37.6,35.8,30.9,30.3,32.0,31.0,30.6,31.5,31.2,30.8,30.7,30.3,31.0,30.9,30.3,30.1,29.3,29.0,28.9,29.0,29.7,31.5,30.4,29.9,31.1,31.3,31.6
(가계순저축률) (%),3.1,3.5,5.7,11.5,9.6,7.5,12.8,16.1,18.5,16.3,8.6,8.9,9.6,11.0,13.8,14.5,19.1,22.2,23.9,22.0,21.2,23.4,22.3,21.2,19.7,16.3,15.1,13.1,20.4,13.2,6.5,3.8,0.1,2.6,6.0,4.1,2.7,1.8,2.3,3.1,2.8,2.2,2.8,4.5,5.9,8.4,7.5,6.5,6.1,6.9,12.4,11.6,0.0
총수출 (%),13.8,14.6,18.3,25.6,24.2,24.2,27.0,27.8,27.2,25.9,32.1,34.2,31.8,31.3,32.2,29.4,34.2,36.6,33.7,28.5,26.1,24.7,24.9,24.4,24.7,26.4,25.5,29.2,41.1,33.9,35.4,33.3,31.1,32.7,38.2,36.9,37.3,39.4,49.8,47.1,49.2,55.3,56.0,53.2,49.6,44.6,41.8,42.7,43.7,41.5,38.4,44.3,50.8
(재화) (%),8.5,10.0,13.7,20.1,19.4,20.1,22.8,22.8,21.9,20.5,24.8,26.0,23.0,23.4,24.8,23.0,28.0,30.4,28.4,23.8,21.5,20.6,21.0,20.4,20.6,21.8,21.0,23.8,33.4,27.8,28.9,27.1,25.8,27.5,31.8,30.9,31.3,32.5,40.9,39.5,41.2,47.3,47.4,45.2,41.6,37.3,34.7,36.1,36.5,33.4,31.3,35.5,40.5
(서비스) (%),2.7,2.6,2.8,3.8,2.8,2.7,2.9,3.3,3.0,3.2,3.9,4.3,4.7,4.8,4.5,4.5,4.7,4.8,4.3,3.7,3.5,3.2,3.1,3.3,3.6,4.0,3.9,4.7,6.6,5.2,5.2,4.9,4.1,4.0,5.0,4.6,4.4,5.0,6.8,5.8,5.8,5.7,6.2,5.8,6.0,5.6,5.3,4.7,5.1,5.5,4.8,6.1,7.2
총수입 (%),21.5,24.1,22.9,29.2,34.9,33.7,30.2,29.9,31.2,33.3,41.7,43.0,38.3,34.5,33.2,30.5,32.5,31.1,28.1,27.0,26.9,27.1,25.6,24.1,25.5,27.8,29.0,30.6,31.7,29.5,34.3,32.7,30.3,31.4,34.9,35.4,37.0,38.7,50.0,43.0,46.2,53.6,52.3,47.9,44.1,37.4,34.8,37.5,38.9,37.9,33.9,39.6,49.7
(재화) (%),18.4,20.4,19.0,24.6,29.9,28.2,25.6,25.1,26.1,27.7,32.9,33.1,29.2,26.6,25.4,23.2,25.6,25.7,23.6,22.4,22.3,22.5,21.1,19.9,20.9,22.6,23.3,24.3,23.3,22.5,26.9,25.2,23.4,24.6,27.3,27.2,28.9,29.8,39.3,33.0,36.3,44.3,43.0,39.0,35.3,28.8,26.2,28.6,29.8,28.6,26.3,31.4,40.2
(서비스) (%),2.4,2.5,2.4,3.0,3.2,3.4,2.9,2.9,3.0,3.3,4.5,4.6,4.0,3.7,3.5,3.2,3.2,2.8,2.9,3.2,3.4,3.5,3.6,3.4,3.8,4.3,4.6,5.0,6.0,5.0,5.5,5.5,5.3,5.2,6.0,6.1,6.2,6.8,8.5,8.0,7.9,7.6,7.8,7.4,7.2,7.3,7.1,7.5,7.3,7.5,6.1,6.6,7.7
(등락률) (%),14.9,11.2,15.8,12.7,30.6,23.7,21.2,14.5,21.8,18.5,24.7,16.6,6.5,4.8,4.4,4.0,5.0,4.8,7.1,6.1,10.1,9.1,7.8,6.3,8.2,7.0,4.1,4.0,4.5,-1.2,1.0,3.5,3.0,3.4,3.1,1.0,-0.2,2.4,2.8,3.6,2.7,1.3,1.3,1.0,0.9,3.2,2.0,2.2,0.5,-0.8,1.6,2.5,1.2