사업체특성별(1),사업체특성별(2),2017,2017,2017,2017,2017,2017,2017,2017,2017,2017,2017,2017,2017,2017,2017,2018,2018,2018,2018,2018,2018,2018,2018,2018,2018,2018,2018,2018,2018,2018,2018,2018,2018,2018,2018,2018,2018,2018,2019,2019,2019,2019,2019,2019,2019,2019,2019,2019,2019,2019,2019,2019,2019,2020,2020,2020,2020,2020,2020,2020,2020,2020,2020,2020,2020,2020,2020,2020,2020,2020,2021,2021,2021,2021,2021,2021,2021,2021,2021,2021,2021,2021,2021,2021,2021
사업체특성별(1),사업체특성별(2),활용가능여부,활용가능여부,활용가능여부,활용가능여부,활용가능여부,활용가능여부,활용가능여부,활용할 수 없는 이유,활용할 수 없는 이유,활용할 수 없는 이유,활용할 수 없는 이유,활용할 수 없는 이유,활용할 수 없는 이유,활용할 수 없는 이유,활용할 수 없는 이유,활용가능여부,활용가능여부,활용가능여부,활용가능여부,활용가능여부,활용가능여부,활용가능여부,활용할 수 없는 이유,활용할 수 없는 이유,활용할 수 없는 이유,활용할 수 없는 이유,활용할 수 없는 이유,활용할 수 없는 이유,활용할 수 없는 이유,활용할 수 없는 이유,활용할 수 없는 이유,활용할 수 없는 이유,활용할 수 없는 이유,활용할 수 없는 이유,활용할 수 없는 이유,활용할 수 없는 이유,활용할 수 없는 이유,활용할 수 없는 이유,활용가능여부,활용가능여부,활용가능여부,활용가능여부,활용가능여부,활용가능여부,활용가능여부,활용할 수 없는 이유,활용할 수 없는 이유,활용할 수 없는 이유,활용할 수 없는 이유,활용할 수 없는 이유,활용할 수 없는 이유,활용할 수 없는 이유,활용할 수 없는 이유,활용가능여부,활용가능여부,활용가능여부,활용가능여부,활용가능여부,활용가능여부,활용가능여부,활용할 수 없는 이유,활용할 수 없는 이유,활용할 수 없는 이유,활용할 수 없는 이유,활용할 수 없는 이유,활용할 수 없는 이유,활용할 수 없는 이유,활용할 수 없는 이유,활용할 수 없는 이유,활용할 수 없는 이유,활용가능여부,활용가능여부,활용가능여부,활용가능여부,활용가능여부,활용가능여부,활용가능여부,활용할 수 없는 이유,활용할 수 없는 이유,활용할 수 없는 이유,활용할 수 없는 이유,활용할 수 없는 이유,활용할 수 없는 이유,활용할 수 없는 이유,활용할 수 없는 이유
사업체특성별(1),사업체특성별(2),소계,필요한 사람은 모두 자유롭게 활용가능,필요한 사람은 모두 자유롭게 활용가능,활용 가능하나 직장분위기 대체인력 확보 어려움 등으로 인해 충분히 사용하지 못함,활용 가능하나 직장분위기 대체인력 확보 어려움 등으로 인해 충분히 사용하지 못함,전혀 활용할 수 없음,전혀 활용할 수 없음,사내에 제도로 도입되지 않아서,사내에 제도로 도입되지 않아서,대체인력을 구하기 어려워서,대체인력을 구하기 어려워서,동료 및 관리자의 업무 가중으로,동료 및 관리자의 업무 가중으로,추가인력 고용으로 인한 인건비 부담으로,추가인력 고용으로 인한 인건비 부담으로,소계,필요한 사람은 모두 자유롭게 활용가능,필요한 사람은 모두 자유롭게 활용가능,활용 가능하나 직장분위기 대체인력 확보 어려움 등으로 인해 충분히 사용하지 못함,활용 가능하나 직장분위기 대체인력 확보 어려움 등으로 인해 충분히 사용하지 못함,전혀 활용할 수 없음,전혀 활용할 수 없음,대체인력을 구하기 어려워서,대체인력을 구하기 어려워서,동료 및 관리자의 업무 가중으로,동료 및 관리자의 업무 가중으로,추가인력 고용으로 인한 인건비 부담으로,추가인력 고용으로 인한 인건비 부담으로,사용할 수 없는 직장분위기나 문화때문에,사용할 수 없는 직장분위기나 문화때문에,직원의 연령대가 높음,직원의 연령대가 높음,제도없음,제도없음,대상자 없음,대상자 없음,출산하지 않을 인원만 채용함,출산하지 않을 인원만 채용함,소계,필요한 사람은 모두 자유롭게 활용가능,필요한 사람은 모두 자유롭게 활용가능,활용 가능하나 직장분위기 대체인력 확보 어려움 등으로 인해 충분히 사용하지 못함,활용 가능하나 직장분위기 대체인력 확보 어려움 등으로 인해 충분히 사용하지 못함,전혀 활용할 수 없음,전혀 활용할 수 없음,대체인력을 구하기 어려워서,대체인력을 구하기 어려워서,동료 및 관리자의 업무 가중으로,동료 및 관리자의 업무 가중으로,추가인력 고용으로 인한 인건비 부담으로,추가인력 고용으로 인한 인건비 부담으로,사용할 수 없는 직장분위기나 문화때문에,사용할 수 없는 직장분위기나 문화때문에,소계,필요한 사람은 모두 자유롭게 활용가능,필요한 사람은 모두 자유롭게 활용가능,활용 가능하나 직장분위기 대체인력 확보 어려움 등으로 인해 충분히 사용하지 못함,활용 가능하나 직장분위기 대체인력 확보 어려움 등으로 인해 충분히 사용하지 못함,전혀 활용할 수 없음,전혀 활용할 수 없음,대체인력을 구하기 어려워서,대체인력을 구하기 어려워서,동료 및 관리자의 업무 가중으로,동료 및 관리자의 업무 가중으로,추가인력 고용으로 인한 인건비 부담으로,추가인력 고용으로 인한 인건비 부담으로,사용할 수 없는 직장분위기나 문화때문에,사용할 수 없는 직장분위기나 문화때문에,기타,기타,소계,필요한 사람은 모두 자유롭게 활용가능,필요한 사람은 모두 자유롭게 활용가능,활용 가능하나 직장분위기 대체인력 확보 어려움 등으로 인해 충분히 사용하지 못함,활용 가능하나 직장분위기 대체인력 확보 어려움 등으로 인해 충분히 사용하지 못함,전혀 활용할 수 없음,전혀 활용할 수 없음,대체인력을 구하기 어려워서,대체인력을 구하기 어려워서,동료 및 관리자의 업무 가중으로,동료 및 관리자의 업무 가중으로,추가인력 고용으로 인한 인건비 부담으로,추가인력 고용으로 인한 인건비 부담으로,사용할 수 없는 직장분위기나 문화때문에,사용할 수 없는 직장분위기나 문화때문에
사업체특성별(1),사업체특성별(2),빈도 (개),비율 (%),빈도 (개),비율 (%),빈도 (개),비율 (%),빈도 (개),비율 (%),빈도 (개),비율 (%),빈도 (개),비율 (%),빈도 (개),비율 (%),빈도 (개),빈도 (개),비율 (%),빈도 (개),비율 (%),빈도 (개),비율 (%),빈도 (개),비율 (%),빈도 (개),비율 (%),빈도 (개),비율 (%),빈도 (개),비율 (%),빈도 (개),비율 (%),빈도 (개),비율 (%),빈도 (개),비율 (%),빈도 (개),비율 (%),빈도 (개),빈도 (개),비율 (%),빈도 (개),비율 (%),빈도 (개),비율 (%),빈도 (개),비율 (%),빈도 (개),비율 (%),빈도 (개),비율 (%),빈도 (개),비율 (%),빈도 (개),빈도 (개),비율 (%),빈도 (개),비율 (%),빈도 (개),비율 (%),빈도 (개),비율 (%),빈도 (개),비율 (%),빈도 (개),비율 (%),빈도 (개),비율 (%),빈도 (개),비율 (%),빈도 (개),빈도 (개),비율 (%),빈도 (개),비율 (%),빈도 (개),비율 (%),빈도 (개),비율 (%),빈도 (개),비율 (%),빈도 (개),비율 (%),빈도 (개),비율 (%),빈도 (개)
전체,소계,575287,44.1,253744,25.1,144272,30.8,177271,79.8,141409,6.6,11754,5.3,9409,8.3,14699,639909,42.7,273102,27.0,172625,30.3,194182,7.1,13782,3.7,7183,4.9,9469,11.4,22126,17.7,34315,37.8,73359,13.1,25388,4.4,8559,691517,45.4,313992,26.4,182881,28.1,194644,17.9,34832,2.6,5104,9.9,19302,69.6,135406,714740,47.3,338048,24.9,178189,27.8,198504,9.3,18496,23.3,46222,7.7,15368,49.6,98400,10.1,20017,669119,50.7,339247,26.4,176463,22.9,153409,19.7,30298,25.2,38683,23.3,35674,31.8,48754
업종별,광업,430,40.9,176,39.9,172,19.2,82,82.0,68,0.0,0,0.0,0,18.0,15,327,27.8,91,34.4,113,37.8,124,0.0,0,0.0,0,8.3,10,0.0,0,14.1,17,52.3,65,21.6,27,3.7,5,574,52.1,299,43.9,252,4.0,23,0.0,0,0.0,0,0.0,0,100.0,23,460,40.7,187,47.9,220,11.3,52,58.4,30,20.1,11,0.0,0,21.4,11,0.0,0,417,59.9,250,7.2,30,32.9,137,13.5,19,29.2,40,44.9,62,12.4,17
업종별,제조업,129391,37.9,49046,32.6,42219,29.5,38126,87.8,33467,5.9,2239,4.1,1551,2.3,870,148233,47.0,69666,33.9,50247,19.1,28319,19.1,5403,3.0,853,7.8,2198,8.8,2494,12.5,3533,27.9,7892,17.9,5062,3.1,883,118909,34.1,40602,41.2,49017,24.6,29291,65.7,19244,2.3,678,3.8,1121,28.2,8248,153628,47.7,73340,23.2,35675,29.0,44612,10.9,4883,26.1,11622,9.6,4289,49.7,22151,3.7,1666,152162,45.5,69294,37.8,57471,16.7,25397,21.8,5544,21.8,5544,18.9,4794,37.5,9515
업종별,전기 가스 증기 및 공기 조절 공급업,751,83.1,625,9.1,68,7.8,59,100.0,59,0.0,0,0.0,0,0.0,0,624,72.6,453,14.3,89,13.0,81,8.7,7,13.2,11,13.2,11,1.5,1,0.0,0,50.1,41,13.2,11,0.0,0,867,89.0,772,10.6,92,0.4,3,0.0,0,0.0,0,0.0,0,100.0,3,950,87.7,833,6.8,65,5.6,53,19.7,10,19.7,10,39.5,21,21.1,11,0.0,0,929,74.3,690,24.3,226,1.4,13,100.0,13,0.0,0,0.0,0,0.0,0
업종별,수도 하수 및 폐기물 처리 원료 재생업,3432,31.3,1073,33.3,1142,35.4,1216,79.9,971,12.3,149,4.7,57,3.2,38,3553,33.9,1205,29.2,1038,36.9,1311,12.1,159,6.9,91,7.9,104,17.0,223,19.9,260,24.0,315,12.1,159,0.0,0,3924,38.7,1519,55.8,2190,5.5,215,26.1,56,0.0,0,0.0,0,73.9,159,3688,38.7,1427,46.6,1718,14.7,543,59.0,320,6.7,37,7.4,40,26.9,146,0.0,0,4300,45.4,1953,33.3,1432,21.3,915,6.0,55,23.9,219,23.1,211,47.0,430
업종별,건설업,41486,35.3,14653,35.6,14759,29.1,12074,76.2,9196,10.8,1308,3.3,402,9.7,1168,37995,47.1,17903,25.5,9683,27.4,10409,10.1,1047,2.7,276,8.9,925,5.8,602,42.4,4410,14.1,1469,16.1,1679,0.0,0,56832,38.3,21762,20.4,11585,41.3,23485,26.0,6112,7.3,1721,46.7,10964,20.0,4687,43437,37.3,16222,39.2,17031,23.4,10184,25.3,2580,20.1,2048,42.4,4316,12.2,1240,0.0,0,46596,47.6,22184,10.4,4847,42.0,19565,20.3,3978,11.8,2316,26.5,5181,41.4,8090
업종별,도매 및 소매업,82639,37.4,30870,17.6,14511,45.1,37258,69.8,26004,6.2,2294,11.3,4203,12.8,4757,108157,28.6,30903,19.3,20900,52.1,56355,3.0,1714,5.7,3184,3.6,2040,7.7,4325,16.4,9220,39.6,22327,19.6,11043,4.4,2502,104760,38.7,40585,23.6,24677,37.7,39498,11.2,4418,1.1,425,1.2,479,86.5,34176,127619,50.0,63864,16.9,21528,33.1,42227,9.0,3793,0.6,239,4.8,2032,44.4,18755,41.2,17408,97199,56.1,54491,20.5,19905,23.5,22803,25.2,5747,19.0,4340,30.9,7056,24.8,5660
업종별,운수 및 창고업,20009,55.3,11058,18.9,3775,25.9,5176,82.5,4271,11.4,590,2.2,114,3.9,202,19129,40.9,7815,32.2,6165,26.9,5148,6.9,355,0.0,0,0.0,0,5.8,301,20.2,1039,39.7,2044,20.3,1046,7.1,364,23023,54.5,12542,28.4,6535,17.1,3947,0.0,0,19.8,782,0.9,35,79.3,3130,14029,47.3,6634,37.0,5185,15.8,2211,43.0,950,12.2,271,12.2,271,32.5,719,0.0,0,22183,62.2,13806,31.8,7061,5.9,1316,27.2,358,21.8,287,7.9,104,43.0,566
업종별,숙박 및 음식점업,60701,29.4,17869,13.0,7913,57.5,34919,87.9,30688,1.3,450,0.0,0,10.8,3781,71138,32.7,23277,11.5,8193,55.8,39668,0.0,0,0.0,0,3.1,1237,22.6,8979,10.8,4302,56.0,22200,3.8,1508,3.6,1442,94386,27.0,25438,14.8,14006,58.2,54943,1.0,537,1.2,675,8.8,4828,89.0,48903,100603,17.1,17176,28.0,28146,54.9,55281,2.4,1316,42.5,23508,3.2,1749,51.9,28708,0.0,0,78326,17.2,13470,18.3,14329,64.5,50528,17.9,9066,31.8,16050,18.2,9205,32.1,16207
업종별,정보통신업,14714,63.4,9323,17.3,2551,19.3,2840,82.3,2337,7.8,221,5.9,168,4.0,114,11815,57.1,6746,23.8,2817,19.1,2252,4.7,106,2.2,49,1.0,23,2.2,49,0.0,0,83.0,1870,6.9,155,0.0,0,16711,59.7,9984,33.2,5554,7.0,1173,15.4,181,23.8,279,0.0,0,60.8,713,16099,77.5,12471,12.3,1987,10.2,1641,0.0,0,54.3,890,0.0,0,39.5,647,6.3,103,22208,69.6,15456,25.7,5708,4.7,1044,23.8,249,23.8,249,33.3,348,19.0,199
업종별,금융 및 보험업,29471,63.7,18769,29.6,8711,6.8,1992,69.5,1385,15.6,311,14.9,296,0.0,0,26652,59.0,15719,34.5,9184,6.6,1749,10.9,190,19.1,334,0.3,5,20.5,359,13.7,240,26.7,468,0.0,0,8.7,152,28794,75.5,21734,24.0,6910,0.5,150,30.8,46,0.0,0,0.0,0,69.2,104,27431,86.9,23845,10.2,2789,2.9,798,44.2,353,33.7,269,0.0,0,0.0,0,22.1,176,25286,84.8,21435,14.1,3564,1.1,288,52.0,149,48.0,138,0.0,0,0.0,0
업종별,부동산업,18778,30.4,5705,33.0,6201,36.6,6872,71.1,4889,10.0,690,2.7,185,16.1,1107,20965,27.9,5857,40.5,8482,31.6,6627,3.7,243,2.4,159,12.3,815,6.0,396,57.0,3779,4.3,284,11.1,735,3.2,214,23395,37.9,8860,43.4,10150,18.7,4385,14.7,645,1.2,53,6.5,285,77.6,3401,25351,26.4,6700,33.1,8381,40.5,10271,11.0,1126,22.3,2287,7.3,746,55.7,5720,3.8,392,22295,37.4,8338,48.4,10786,14.2,3171,14.2,451,23.4,742,25.8,819,36.6,1159
업종별,전문 과학 및 기술서비스업,29354,47.6,13965,32.5,9545,19.9,5844,64.0,3738,25.3,1477,7.8,456,3.0,173,33914,53.3,18089,35.5,12052,11.1,3774,34.5,1301,7.2,272,8.7,327,20.7,782,0.0,0,13.1,493,8.7,327,7.2,272,38026,65.0,24714,31.7,12056,3.3,1257,66.8,840,5.5,69,5.5,69,22.1,278,36437,64.9,23635,26.2,9542,8.9,3259,27.5,896,24.8,807,21.6,703,26.2,853,0.0,0,40476,69.2,28001,16.3,6607,14.5,5868,22.5,1321,36.5,2141,18.0,1057,23.0,1348
업종별,사업시설관리 사업 지원 및 임대 서비스업,16278,58.1,9457,24.4,3972,17.5,2849,75.9,2163,14.6,416,2.6,74,6.9,195,19542,58.2,11377,25.1,4907,16.7,3257,1.5,49,6.7,219,12.3,400,22.1,721,15.7,512,23.8,776,13.1,426,4.7,154,21620,71.2,15398,22.7,4912,6.1,1309,1.2,16,6.7,88,6.0,78,86.1,1128,21729,66.2,14386,17.1,3708,16.7,3635,3.2,115,35.4,1286,2.2,81,57.0,2073,2.2,81,23862,63.9,15236,30.0,7160,6.1,1466,30.8,451,20.5,301,0.0,0,48.7,714
업종별,교육서비스업,25421,50.6,12874,23.0,5856,26.3,6691,90.2,6035,2.7,183,1.4,91,5.7,382,30912,33.2,10257,19.7,6097,47.1,14558,10.3,1500,2.3,340,3.3,478,0.7,101,8.2,1196,56.9,8283,7.7,1123,10.6,1536,35691,40.0,14293,19.8,7078,40.1,14320,0.7,94,0.9,132,3.1,442,95.3,13652,32244,45.1,14556,21.3,6852,33.6,10836,3.0,326,3.7,398,2.8,307,90.5,9805,0.0,0,37686,55.1,20771,32.8,12355,12.1,4560,15.4,702,36.8,1677,31.9,1455,15.9,727
업종별,보건업 및 사회복지서비스업,68280,63.8,43550,22.8,15557,13.4,9173,63.1,5784,7.3,673,14.4,1321,15.2,1394,73763,54.6,40292,31.7,23379,13.7,10092,11.7,1177,11.2,1132,4.4,447,9.1,923,42.5,4288,12.5,1263,1.2,118,7.4,744,86297,68.8,59332,27.2,23437,4.1,3529,50.7,1790,3.2,113,19.4,686,26.6,939,73234,59.6,43666,36.4,26674,4.0,2894,47.0,1361,37.4,1082,11.5,332,4.1,119,0.0,0,69305,62.9,43613,22.5,15616,14.5,10077,8.4,849,31.9,3219,37.8,3811,21.8,2197
업종별,예술 스포츠 및 여가관련서비스업,9591,46.1,4421,23.8,2279,30.2,2892,94.1,2722,5.4,157,0.5,13,0.0,0,10096,46.7,4719,19.0,1919,34.2,3458,3.1,106,7.6,262,6.8,233,13.4,464,7.6,262,47.7,1648,11.4,393,2.5,87,13466,26.9,3626,3.9,519,69.2,9320,6.5,604,0.2,16,1.5,139,91.9,8561,14167,47.8,6773,10.3,1462,41.9,5932,2.7,161,19.1,1133,4.7,278,73.5,4361,0.0,0,10331,33.5,3456,45.4,4686,21.2,2189,31.2,683,32.4,709,9.1,199,27.3,598
업종별,협회 및 단체 수리 및 기타 개인서비스업,24560,42.0,10309,20.5,5042,37.5,9208,82.9,7632,6.5,596,5.2,477,5.5,503,23092,37.8,8733,31.9,7360,30.3,6999,6.1,424,0.0,0,3.1,216,20.1,1405,17.9,1256,27.4,1921,22.5,1575,2.9,203,24241,51.7,12532,16.1,3911,32.2,7798,3.2,248,0.9,73,2.2,175,93.6,7302,23634,52.2,12332,30.6,7227,17.2,4074,6.8,276,8.0,325,5.0,202,75.6,3081,4.7,190,15556,43.7,6803,30.1,4682,26.2,4071,16.3,662,17.5,712,33.7,1373,32.5,1325
종사자규모별,5~9인,320403,35.9,115057,21.4,68513,42.7,136833,79.7,109101,5.5,7499,6.1,8329,8.7,11904,367232,36.3,133356,24.2,88711,39.5,145165,6.7,9766,2.7,3927,3.4,4952,12.5,18179,16.8,24442,38.5,55934,14.3,20695,5.0,7270,403862,37.1,149663,22.9,92636,40.0,161563,16.9,27271,1.4,2301,7.0,11352,74.7,120638,420196,40.4,169551,24.6,103562,35.0,147083,7.9,11628,23.0,33884,6.0,8878,52.7,77441,10.4,15252,390050,40.8,159187,28.0,109210,31.2,121653,19.2,23367,24.7,30028,23.5,28613,32.6,39645
종사자규모별,10~29인,176358,49.8,87766,30.9,54416,19.4,34176,79.4,27131,11.2,3823,2.5,840,7.0,2381,197538,46.7,92246,34.0,67123,19.3,38169,8.1,3094,5.0,1920,9.5,3630,7.4,2834,24.0,9161,34.0,12977,9.6,3647,2.4,908,206378,53.1,109533,32.3,66638,14.6,30207,23.1,6971,6.8,2054,25.2,7615,44.9,13566,212484,52.9,112442,27.3,58036,19.8,42006,9.5,4006,25.3,10629,12.1,5071,44.2,18554,8.9,3747,195124,58.8,114708,27.3,53211,13.9,27205,22.8,6202,27.6,7513,20.9,5686,28.7,7805
종사자규모별,30~99인,62104,63.1,39185,28.1,17423,8.8,5496,82.6,4541,7.8,426,3.2,174,6.4,354,58552,60.4,35375,24.3,14233,15.3,8944,2.8,246,10.5,937,4.6,410,8.9,798,8.0,712,49.3,4413,11.7,1046,4.3,381,64603,65.9,42572,30.6,19780,3.5,2251,18.6,418,30.3,682,13.1,295,38.0,855,65142,65.7,42821,22.2,14471,12.1,7850,31.0,2436,17.9,1403,16.1,1261,23.0,1807,12.0,943,65654,74.9,49155,19.3,12646,5.9,3853,16.6,639,25.9,997,26.4,1019,31.1,1199
종사자규모별,100~299인,13066,67.1,8767,27.1,3544,5.8,755,82.8,625,0.5,4,8.7,66,7.9,60,10246,65.5,6708,19.5,2001,15.0,1537,35.9,552,21.3,327,24.9,382,15.6,240,0.0,0,2.3,36,0.0,0,0.0,0,13194,69.7,9195,26.4,3485,3.9,514,18.6,95,12.9,66,4.6,24,63.9,329,13349,73.6,9824,15.1,2020,11.3,1505,27.8,419,19.6,295,9.9,150,37.7,567,5.0,75,14487,87.9,12736,7.6,1106,4.4,644,14.0,90,19.1,123,52.9,341,14.0,90
종사자규모별,300인 이상,3356,88.5,2969,11.2,375,0.4,12,87.5,11,12.5,2,0.0,0,0.0,0,6341,85.4,5418,8.8,557,5.8,366,33.9,124,19.6,72,25.9,95,20.5,75,0.0,0,0.0,0,0.0,0,0.0,0,3479,87.1,3029,9.8,341,3.1,109,69.6,76,0.0,0,14.6,16,15.8,17,3570,95.5,3411,2.8,99,1.7,60,12.6,8,19.4,12,14.3,9,53.7,32,0.0,0,3804,91.0,3460,7.6,290,1.4,53,0.0,0,42.1,22,29.4,16,28.5,15
지역별,서울특별시,117139,47.7,55899,24.3,28522,27.9,32717,77.1,25233,11.3,3709,2.9,950,8.6,2826,128669,45.3,58259,23.9,30794,30.8,39617,7.0,2777,5.6,2207,2.8,1103,16.4,6515,13.4,5305,45.2,17895,6.0,2370,3.7,1446,149249,41.3,61708,22.4,33426,36.3,54115,10.2,5501,3.1,1678,5.8,3161,80.9,43774,147908,51.8,76659,23.2,34279,25.0,36970,12.1,4469,18.9,6977,11.4,4216,42.3,15642,15.3,5666,126334,56.6,71504,24.0,30380,19.4,24450,10.6,2588,31.5,7703,22.1,5398,35.8,8761
지역별,부산광역시,35802,42.8,15336,26.0,9305,31.2,11160,76.0,8479,9.0,1005,1.5,172,13.5,1504,45624,42.9,19589,26.6,12144,30.4,13891,12.9,1795,8.8,1228,0.5,66,15.2,2107,24.0,3333,25.8,3583,11.9,1659,0.9,120,40883,38.6,15761,35.8,14656,25.6,10466,22.7,2372,2.6,271,12.1,1267,62.6,6556,51248,45.8,23492,26.0,13350,28.1,14406,8.5,1222,13.5,1948,11.2,1613,49.7,7163,17.1,2459,50531,49.6,25080,25.2,12713,25.2,12738,22.8,2900,23.6,3004,11.1,1419,42.5,5415
지역별,대구광역시,24807,48.8,12111,13.1,3248,38.1,9448,82.8,7823,3.1,295,0.0,0,14.1,1330,25746,40.3,10380,33.3,8585,26.3,6781,4.1,278,2.8,188,6.1,410,7.9,534,8.8,599,57.7,3911,11.8,801,0.9,59,35040,30.0,10520,21.6,7566,48.4,16954,24.5,4160,5.6,945,5.5,935,64.4,10913,29274,51.2,15001,24.9,7276,23.9,6997,4.7,326,34.4,2407,0.0,0,41.9,2930,19.1,1333,27801,51.3,14274,24.2,6719,24.5,6808,19.2,1307,27.5,1873,22.2,1509,31.1,2120
지역별,인천광역시,31260,48.5,15156,12.0,3748,39.5,12356,89.5,11065,7.1,877,2.9,354,0.5,60,29763,36.6,10906,23.8,7071,39.6,11787,12.5,1470,1.3,152,6.9,809,9.6,1126,21.2,2498,33.6,3959,2.5,291,12.6,1481,33556,32.8,11017,23.0,7709,44.2,14830,9.3,1378,0.0,0,2.8,415,87.9,13037,41539,44.8,18625,25.2,10452,30.0,12462,2.4,296,32.1,3997,2.4,296,57.8,7203,5.4,670,33164,47.4,15724,24.1,7987,28.5,9454,11.7,1104,20.3,1923,30.1,2849,37.8,3578
지역별,광주광역시,20253,45.5,9218,18.9,3824,35.6,7211,89.5,6450,0.5,38,1.3,93,8.7,629,16707,37.0,6189,28.0,4682,34.9,5836,5.1,295,8.5,495,11.4,665,7.3,426,21.7,1265,46.1,2690,0.0,0,0.0,0,20056,29.0,5816,45.0,9019,26.0,5221,49.0,2560,11.0,573,10.6,554,29.4,1534,21379,32.4,6926,30.1,6432,37.5,8022,1.3,103,17.0,1360,18.3,1468,55.8,4476,7.7,615,16967,51.2,8684,28.2,4779,20.6,3503,13.2,461,18.6,651,19.2,673,49.0,1718
지역별,대전광역시,16682,52.2,8712,23.5,3912,24.3,4058,75.0,3043,8.9,362,0.0,0,16.1,652,17754,35.0,6222,30.9,5488,34.0,6044,0.2,13,2.0,122,3.0,181,25.3,1532,12.0,727,43.0,2600,3.9,237,10.5,633,21003,46.1,9688,31.6,6628,22.3,4687,50.7,2375,17.9,838,0.9,43,30.5,1431,18896,45.7,8638,18.3,3455,36.0,6803,7.7,527,41.1,2796,0.2,10,49.8,3385,1.2,84,17240,50.5,8714,31.3,5404,18.1,3122,11.8,369,21.3,666,32.9,1029,33.9,1058
지역별,울산광역시,11111,45.1,5011,19.3,2148,35.6,3951,82.1,3245,1.1,44,0.0,0,16.8,662,14942,47.8,7141,27.1,4056,25.1,3745,0.0,0,0.3,13,24.1,904,24.9,933,11.0,412,32.9,1231,5.2,195,1.5,56,13108,48.5,6356,26.3,3444,25.2,3308,0.0,0,0.0,0,10.9,361,89.1,2947,14445,44.0,6350,17.7,2561,38.3,5534,0.9,48,40.8,2257,7.3,402,47.9,2652,3.2,176,13578,45.2,6133,31.4,4257,23.5,3188,29.1,929,19.9,633,24.9,794,26.1,832
지역별,경기도,141573,41.8,59215,23.3,32941,34.9,49417,77.7,38416,8.3,4125,5.7,2803,8.2,4073,155937,38.8,60449,30.2,47160,31.0,48328,8.4,4038,2.3,1110,5.6,2722,9.4,4546,20.0,9642,30.6,14809,16.9,8190,6.8,3271,188519,51.9,97864,19.9,37529,28.2,53126,24.5,13003,1.5,799,6.7,3584,67.3,35740,184243,43.0,79215,25.5,46986,31.5,58042,7.3,4239,23.5,13618,8.9,5180,47.4,27528,12.9,7477,180611,46.2,83420,28.8,52065,25.0,45126,25.7,11597,24.5,11044,21.9,9896,27.9,12589
지역별,강원도,21359,35.4,7560,38.7,8268,25.9,5532,76.3,4223,6.7,368,3.2,176,13.8,764,20104,45.3,9099,24.9,5015,29.8,5990,3.0,180,4.5,269,1.8,108,18.9,1134,5.3,316,59.0,3535,5.7,339,1.8,109,19479,60.3,11751,27.1,5283,12.6,2445,0.0,0,0.0,0,48.9,1195,51.1,1251,21368,54.2,11583,34.8,7445,11.0,2340,1.5,36,43.0,1006,2.0,47,53.5,1252,0.0,0,22101,49.7,10974,19.1,4228,31.2,6898,17.7,1224,9.5,654,38.6,2665,34.2,2356
지역별,충청북도,19291,41.1,7935,34.8,6707,24.1,4649,77.9,3622,1.2,54,13.2,614,7.7,359,23715,45.6,10826,21.1,5006,33.2,7883,4.0,312,2.8,223,0.0,0,15.7,1236,15.4,1213,38.4,3028,22.8,1799,0.9,73,28458,48.7,13850,40.2,11433,11.2,3175,20.9,665,0.0,0,14.0,443,65.1,2067,20949,41.3,8658,25.8,5398,32.9,6893,24.5,1692,2.2,153,3.0,204,57.8,3982,12.5,862,20227,52.9,10703,32.0,6469,15.1,3055,28.6,874,24.0,732,32.2,982,15.3,467
지역별,충청남도,21448,39.5,8462,29.1,6249,31.4,6737,69.9,4709,6.5,441,12.4,838,11.1,749,30408,53.9,16385,22.4,6818,23.7,7205,4.0,290,1.1,77,3.8,277,2.2,159,18.5,1332,34.7,2503,33.5,2412,2.1,154,20585,60.5,12446,32.3,6641,7.3,1497,0.0,0,0.0,0,67.2,1006,32.8,491,33033,57.4,18945,23.2,7665,19.4,6422,25.5,1640,16.3,1045,0.0,0,58.2,3737,0.0,0,34380,49.8,17117,27.9,9607,22.3,7655,13.3,1021,18.3,1399,41.7,3192,26.7,2044
지역별,전라북도,19068,40.7,7755,36.7,6995,22.6,4317,89.4,3861,3.2,138,0.0,0,7.4,318,21265,45.2,9610,24.3,5166,30.5,6489,1.4,93,3.4,223,3.7,239,7.6,492,18.4,1193,44.7,2902,15.5,1005,5.3,342,37883,55.4,20984,38.0,14399,6.6,2499,2.4,60,0.0,0,26.2,656,71.4,1783,23357,47.6,11109,30.2,7056,22.2,5192,3.2,165,30.5,1582,1.9,101,64.4,3344,0.0,0,19376,48.0,9291,24.1,4671,27.9,5414,30.2,1634,41.9,2269,7.0,378,20.9,1133
지역별,전라남도,20868,47.4,9885,21.9,4579,30.7,6405,74.4,4768,2.7,173,22.9,1465,0.0,0,25931,43.4,11250,29.4,7620,27.2,7062,4.1,286,7.3,513,0.8,60,2.3,165,18.1,1278,33.8,2384,25.6,1805,8.1,571,32465,39.6,12871,37.1,12041,23.3,7552,11.7,885,0.0,0,11.7,885,76.6,5783,22840,40.9,9332,32.0,7308,27.2,6201,20.4,1266,16.9,1045,17.5,1082,44.9,2783,0.4,25,24934,49.9,12454,28.6,7123,21.5,5357,22.4,1197,34.5,1847,34.1,1825,9.1,487
지역별,경상북도,27403,44.5,12185,34.8,9538,20.7,5680,76.5,4345,0.1,4,23.4,1331,0.0,0,33307,39.5,13154,24.8,8256,35.7,11897,7.7,913,2.3,276,11.3,1342,2.7,321,25.6,3051,33.7,4004,14.7,1751,2.0,239,21239,39.1,8314,19.9,4236,40.9,8689,4.7,407,0.0,0,46.8,4065,48.5,4218,35969,51.7,18586,17.5,6303,30.8,11081,12.3,1361,14.3,1589,4.4,483,69.0,7648,0.0,0,25490,61.7,15729,21.5,5485,16.8,4276,6.8,292,29.0,1240,27.9,1193,36.3,1551
지역별,경상남도,38558,40.9,15783,31.8,12272,27.2,10503,88.4,9289,0.0,0,4.2,440,7.4,773,44246,48.2,21337,29.2,12908,22.6,10001,9.5,947,0.0,0,5.1,506,8.9,886,18.6,1856,42.2,4217,15.9,1586,0.0,5,19656,47.4,9313,35.5,6970,17.2,3373,31.7,1071,0.0,0,6.4,216,61.8,2086,38771,51.5,19956,23.6,9153,24.9,9663,9.6,930,46.0,4441,2.8,267,41.7,4025,0.0,0,44614,52.9,23593,25.8,11491,21.4,9529,20.4,1947,28.1,2676,16.3,1552,35.2,3355
지역별,제주특별자치도,8667,40.6,3522,23.3,2015,36.1,3130,90.6,2836,3.8,119,5.6,174,0.0,0,5789,39.9,2307,32.1,1856,28.1,1626,5.8,95,5.4,87,4.7,77,0.9,15,18.1,295,6.7,109,58.3,948,0.0,0,10339,55.5,5733,18.4,1900,26.2,2705,14.6,395,0.0,0,19.1,516,66.3,1794,9520,52.2,4974,32.2,3070,15.5,1476,11.9,176,0.0,0,0.0,0,44.1,651,43.9,649,11769,49.7,5853,26.2,3083,24.1,2834,30.1,854,13.0,369,11.4,322,45.5,1289